id,code,name,category,stock,min,unit,cost,location,details,entryDate,species,lote,format,t,w,l,pt,quality
0ad1c30f2c490a863a72,07-035-00,Madera de Pino 3a ¾×4 X 8¼,madera,0,0,PZ,0,,,,,,,,,,,
138feaece84680de7e62,07-031-00,Madera de Pino 1a ¾×8 X 8¼ 100%,madera,0,0,PT,0,,,,,,,,,,,
14ad2a0c758effa1f03e,07-036-00,Madera de Pino 1a 1½×12×8¼ (TABLON),madera,0,0,PZ,0,,,,,,,,,,,
1735700cc34da40d1d63,07-042-00,Madera de Pino 1a ¾×10×8¼ (TABLA),madera,0,0,PZ,0,,,,,,,,,,,
1bbed6737c04d86f0bbf,07-031-01,Madera de Pino 1a 1½×8 X 8¼ 100%,madera,0,0,PT,0,,,,,,,,,,,
1fb6ab948be3d28f8275,07-036-01,Madera de Pino 1a 1½×8 X 8¼ (TABLON),madera,0,0,PZ,0,,,,,,,,,,,
2343c3311e788fe1b664,07-042-01,Madera de Pino 1a 1½×6 X 8¼ (TABLON),madera,0,0,PZ,0,,,,,,,,,,,
2845f15ac7c0c923c8ee,07-031-02,Madera de Pino 1a 1½×4 X 8¼ 100%,madera,0,0,PT,0,,,,,,,,,,,
360971bd8d4bf75458de,07-042-02,Madera de Pino 3a 2×9 X 8 (TABLON),madera,0,0,PZ,0,,,,,,,,,,,
39b3b27eb4edba0ca2aa,07-042-03,Madera de Pino 1a 1½×4 X 8¼ (TABLON),madera,0,0,PZ,0,,,,,,,,,,,
3d54b4f7f4a1bae21676,07-035-01,Madera de Pino 2a ¾×4 X 8¼ (TABLA),madera,0,0,PZ,76.72,,,,,,,,,,,
41b11d9b58dfdbc4196a,07-033-00,Madera de Pino 1a 1½×8 X 8¼ (TABLON),madera,0,0,PZ,0,,,,,,,,,,,
5d1982058ac825035b32,07-031-03,Madera de Pino 1a ¾×4 X 8¼ 100%,madera,0,0,PT,0,,,,,,,,,,,
5eaba018e3879c216672,07-031-04,Madera de Pino 1a ¾×10×8¼ 100%,madera,0,0,PT,0,,,,,,,,,,,
6378c8a0b7be88946b56,07-031-05,Madera de Pino 1a 1½×6 X 8¼ 100%,madera,0,0,PT,0,,,,,,,,,,,
64955c2edeb6be92d90c,07-031-06,Madera de Pino 1a ¾×4 X 6 100%,madera,0,0,PT,0,,,,,,,,,,,
68889a59341739734e1f,07-042-04,Madera de Pino 1a ¾×4 X 8¼ (TABLA),madera,0,0,PZ,0,,,,,,,,,,,
68ea06bfe32a5dcd0b54,07-042-05,Madera de Pino 3a 2×8 X 8 (TABLON),madera,0,0,PZ,0,,,,,,,,,,,
693ae5cee7aced309ba8,07-033-01,Madera de Pino 1a 1×8 X 8¼ (TABLA),madera,0,0,PZ,0,,,,,,,,,,,
6d4cb6db7b9e4e27a3a7,07-036-02,Madera de Pino 1a 1½×4 X 8¼ (TABLON),madera,0,0,PZ,0,,,,,,,,,,,
765e3fcea847ae454a76,07-033-02,Madera de Pino Impregnado (TRATADO) 2a,madera,0,0,PZ,452.4,,,,,,,,,,,
7a0edd609ccd06be1c1d,07-036-03,Madera de Pino 1a 1½×10×8¼ (TABLON),madera,0,0,PZ,0,,,,,,,,,,,
842b94cdbaa98567afc2,07-031-07,Madera de Pino 1a 1½×12×8¼ 100%,madera,0,0,PT,0,,,,,,,,,,,
86396e8d288fe51ee738,07-042-06,Madera de Pino 1a ¾×6 X 8¼ (TABLA),madera,0,0,PZ,0,,,,,,,,,,,
87f199a14cac3e62d3cc,07-031-08,Madera de Pino 1a 1½×10×8¼ 100%,madera,0,0,PT,0,,,,,,,,,,,
a646479ab053ecf41ba6,07-033-03,Madera de Pino 1a ¾×6 X 8¼ (TABLA),madera,0,0,PZ,109.39,,,,,,,,,,,
b27076c889ccb795741f,07-042-07,Madera de Pino 1a ¾×11×8¼ (TABLA),madera,0,0,PZ,0,,,,,,,,,,,
bcd90a78c2c5d6e1b860,07-033-04,Madera de Pino 2a ¾×8 X 8¼ (TABLON),madera,0,0,PZ,0,,,,,,,,,,,
c81ac346e93f10c58f7b,07-042-08,Madera de Pino 3a 2×10×8 (TABLON),madera,0,0,PZ,0,,,,,,,,,,,
c8ece481f250c1b5ac69,07-042-09,Madera de Pino 1a 1½×8 X 8¼ (TABLON),madera,0,0,PZ,0,,,,,,,,,,,
cf0b76777cf8fb9df3b1,07-042-10,Madera de Pino 1a ¾×8 X 8¼ (TABLA),madera,0,0,PZ,173,,,,,,,,,,,
d36037c713c6fe3ff214,07-000-00,Deck Cumaru 1a 19MM X 8 Cm (LARGOS VARIOS),madera,0,0,PZ,0,,,,,,,,,,,
d4dbcb1f11a966db3103,07-031-09,Madera de Pino 1a ¾×12×8¼ 100%,madera,0,0,PT,0,,,,,,,,,,,
d62070b55e167c4d4409,07-042-11,Madera de Pino 1a 1½×10×8¼ (TABLON),madera,0,0,PZ,0,,,,,,,,,,,
e6d88112a3b5456497b2,07-033-05,Madera de Pino 2a 1½×8 X 8¼ (TABLON),madera,0,0,PZ,0,,,,,,,,,,,
e75306b84ea625e098d1,07-033-06,Madera de Pino 1a 1½×12×8¼ (TABLON),madera,0,0,PZ,0,,,,,,,,,,,
e9f3ff5fec4e06106cfc,07-033-07,Madera de Pino 1a ¾×8 X 8¼ (TABLA),madera,0,0,PZ,148.44,,,,,,,,,,,
f7c794fecdf2529bcb1e,07-031-10,Madera de Pino 1a ¾×6 X 8¼ 100%,madera,0,0,PT,0,,,,,,,,,,,
f82c1240d4d3bd59e87d,07-033-08,Madera de Pino 1a. ¾×10×8¼ (TABLA),madera,0,0,PZ,0,,,,,,,,,,,
inv-chapa-de-raiz-de-olmo-0-45x-0-73-cm-rairai59130-la-chapa,07-000-01,Chapa de Raiz de Olmo 0.45×0.73 Cm Rairai59130 la Chapa,madera,0,0,pz,0,,,,,,,,,,,
inv-cubierta-p-cocina-mystique-dawn-3-60-4762-07,07-000-02,Cubierta P/cocina Mystique Dawn 3.60 4762-07,madera,0,0,pz,0,,,,,,,,,,,
inv-cubierta-p-cocina-pearlwhite-2-40-7907-01-gerter,07-000-03,Cubierta P/cocina Pearlwhite 2.40 7907-01 Gerter,madera,0,0,pz,3264.42,,,,,,,,,,,
inv-cubre-canto-madera-tzalam-19mm-c-pegamento,07-000-04,Cubre Canto Madera Tzalam 19mm C/pegamento,madera,0,0,mt,6.9,,,,,,,,,,,
inv-deck-lobus-chocolate-jade-uh02-0-022x0-14x2-90-0-406-mt-cuadrado,07-002-00,Deck Lobus Chocolate/jade Uh02 0.022×0.14×2.90 0.406 Mt Cuadrado,madera,0,0,pz,550.85,,,,,,,,,,,
inv-deck-lobus-teka-ipe-uh02-0-022x0-14x2-90-0-406-mt-cuadrado,07-002-01,Deck Lobus Teka/ipe Uh02 0.022×0.14×2.90 0.406 Mt Cuadrado,madera,0,0,pz,0,,,,,,,,,,,
inv-ecotab-listonado-de-macuil-16x122x2-44-la-asuncion,07-033-09,Ecotab Listonado Macuil 16mm 1.22×2.44m,madera,0,0,hoja,2931.04,,,,,,,,,,,
inv-ecotab-listonado-de-macuil-18x122x2-44-la-asuncion,07-033-10,Ecotab Listonado Macuil 18mm 1.22×2.44m,madera,0,0,hoja,2758.56,,,,,,,,,,,
inv-madera-aserrada-ayacahuite-arbol-de-la-vida,07-010-00,Madera Aserrada Ayacahuite,madera,0,0,pt,72,,,,,,,,,,,
inv-madera-aserrada-casuarina-arbol-de-la-vida,07-010-01,Madera Aserrada Casuarina,madera,0,0,pt,0,,,,,,,,,,,
inv-madera-aserrada-cedro-1a-la-asuncion,07-033-11,Madera Aserrada Cedro 1a,madera,0,0,pt,47,,,,,,,,,,,
inv-madera-aserrada-encino-americano-arbol-de-la-vida,07-010-02,Madera Aserrada Encino Americano,madera,0,0,pt,0,,,,,,,,,,,
inv-madera-aserrada-enebro-cipres-arbol-de-la-vida,07-010-03,Madera Aserrada Enebro Cipres,madera,0,0,pt,72,,,,,,,,,,,
inv-madera-aserrada-macuil-1a-estufada-pt-la-asuncion,07-033-12,Madera Aserrada Macuil 1a Estufada Pt,madera,0,0,pt,67.05,,,,,,,,,,,
inv-madera-aserrada-macuil-1a-estufada-pt-la-asuncion-ancha,07-033-13,Madera Aserrada Macuil 1a Estufada Pt (ancha),madera,0,0,pt,74.95,,,,,,,,,,,
inv-madera-aserrada-macuil-2a-estufada-pt-la-asuncion,07-033-14,Madera Aserrada Macuil 2a Estufada Pt,madera,0,0,pt,51.16,,,,,,,,,,,
inv-madera-aserrada-macuil-roble-arbol-de-la-vida,07-010-04,Madera Aserrada Macuil (roble),madera,0,0,pt,80,,,,,,,,,,,
inv-madera-de-caoba-estufada-arbol-de-la-vida,07-010-05,Madera de Caoba Estufada,madera,0,0,pt,76,,,,,,,,,,,
inv-madera-de-cedro-selecto-estufado-arbol-de-la-vida,07-010-06,Madera de Cedro Selecto Estufado,madera,0,0,pt,76,,,,,,,,,,,
inv-madera-de-huanacaxtle-estufada-arbol-de-la-vida,07-010-07,Madera de Huanacaxtle Estufada,madera,0,0,pt,85,,,,,,,,,,,
inv-madera-de-machiche-arbol-de-la-vida,07-010-08,Madera de Machiche,madera,0,0,pt,0,,,,,,,,,,,
inv-madera-de-pino-3-1-2-x-8-x-17-viga-pasam,07-042-12,Madera de Pino 3½×8 X 17 Viga,madera,0,0,pt,40.34,,,,,,,,,,,
inv-madera-de-pino-tableta-4-6-8-10-12-fsc-100-ixtlan,07-031-11,"Madera de Pino (tableta) 4, 6, 8, 10, 12 100%",madera,0,0,pt,0,,,,,,,,,,,
inv-madera-de-teca-tectona-grandis,07-000-05,Madera Teca,madera,0,0,pt,0,,,,,,,,,,,
inv-madera-de-tzalam-1a-estufada-pt-la-asuncion,07-033-15,Madera de Tzalam 1a Estufada Pt,madera,0,0,pt,65.76,,,,,,,,,,,
inv-madera-de-tzalam-1a-estufada-pt-wash,07-062-00,Madera de Tzalam 1a Estufada Pt,madera,0,0,pt,85,,,,,,,,,,,
inv-madera-de-tzalam-mr-arbol-de-la-vida,07-010-09,Madera de Tzalam Mr,madera,0,0,pt,0,,,,,,,,,,,
inv-madera-estufada-tzalam-arbol-de-la-vida,07-010-10,Madera Estufada Tzalam,madera,0,0,pt,88,,,,,,,,,,,
inv-mdf-blanco-absoluto-mel-lobus-2-c-15x1-22x2-44,07-002-02,MDF Blanco Absoluto Mel Lobus 2c 15×1.22×2.44m,madera,0,0,hoja,508.62,,,,,,,,,,,
inv-mdf-blanco-cristal-mel-proteak-2-c-15x1-22x2-44,07-046-00,MDF Blanco Cristal Mel Proteak 2c 15×1.22×2.44m,madera,0,0,hoja,0,,,,,,,,,,,
inv-mdf-blanco-cristal-mel-proteak-2-c-18x1-22x2-44,07-046-01,MDF Blanco Cristal Mel Proteak 2c 18×1.22×2.44m,madera,0,0,hoja,602.59,,,,,,,,,,,
inv-mdf-blanco-cristal-mel-proteak-2-c-5-5x1-22x2-44,07-046-02,MDF Blanco Cristal Mel Proteak 2c 5.5×1.22×2.44m,madera,0,0,hoja,0,,,,,,,,,,,
inv-mdf-chapa-de-cedro-2-c-15x1-22x2-44,07-000-06,MDF Chapa de Cedro 2c 15×1.22×2.44m,madera,0,0,hoja,750,,,,,,,,,,,
inv-mdf-chapa-de-cedro-2-c-18x1-22x2-44,07-000-07,MDF Chapa de Cedro 2c 18×1.22×2.44m,madera,0,0,hoja,0,,,,,,,,,,,
inv-mdf-chapa-de-encino-1-c-4-2x1-22x2-44,07-000-08,MDF Chapa de Encino 1c 4.2×1.22×2.44m,madera,0,0,hoja,257.76,,,,,,,,,,,
inv-mdf-chapa-de-encino-1-c-4-5x1-22x2-44,07-000-09,MDF Chapa de Encino 1c 4.5×1.22×2.44m,madera,0,0,hoja,202.58,,,,,,,,,,,
inv-mdf-chapa-de-encino-2-c-15x1-22x2-44,07-000-10,MDF Chapa de Encino 2c 15×1.22×2.44m,madera,0,0,hoja,501.72,,,,,,,,,,,
inv-mdf-chapa-de-encino-2-c-18x1-22x2-44,07-000-11,MDF Chapa de Encino 2c 18×1.22×2.44m,madera,0,0,hoja,636.21,,,,,,,,,,,
inv-mdf-chapa-de-pino-2-c-15x1-22x2-44,07-000-12,MDF Chapa de Pino 2c 15×1.22×2.44m,madera,0,0,hoja,495.69,,,,,,,,,,,
inv-mdf-chapa-de-pino-2-c-18x1-22x2-44,07-000-13,MDF Chapa de Pino 2c 18×1.22×2.44m,madera,0,0,hoja,565.52,,,,,,,,,,,
inv-mdf-chapa-nogal-15mmx1220x2440-arauco,07-009-00,MDF Chapa Nogal 15mm 1.22×2.44m Arauco,madera,0,0,hoja,625.86,,,,,,,,,,,
inv-mdf-chapa-okume-15mmx1-22x2-44,07-000-14,MDF Chapa Okumé 15mm 1c 1.22×2.44m,madera,0,0,hoja,0,,,,,,,,,,,
inv-mdf-chapa-okume-18mmx1-22x2-44,07-000-15,MDF Chapa Okumé 18mm 1c 1.22×2.44m,madera,0,0,hoja,0,,,,,,,,,,,
inv-mdf-chapa-okume-5mmx1-22x2-44-1-c,07-000-16,MDF Chapa Okumé 5mm 1c 1.22×2.44m,madera,0,0,hoja,177.5,,,,,,,,,,,
inv-mdf-chapa-tzalam-12mmx4x8-1-c,07-000-17,MDF Chapa Tzalam 12mm 1c 1.22×2.44m,madera,0,0,hoja,700,,,,,,,,,,,
inv-mdf-chapa-tzalam-15mmx1220x244-2-c,07-000-18,MDF Chapa Tzalam 15mm 2c 1.22×2.44m,madera,0,0,hoja,589.65,,,,,,,,,,,
inv-mdf-chapa-tzalam-15mmx122x244-arauco,07-009-01,MDF Chapa Tzalam 15mm 2c 1.22×2.44m Arauco,madera,0,0,hoja,912.93,,,,,,,,,,,
inv-mdf-chapa-tzalam-18mmx1220x2440x,07-000-19,MDF Chapa Tzalam 18mm 2c 1.22×2.44m,madera,0,0,hoja,0,,,,,,,,,,,
inv-mdf-chapa-tzalam-18mmx1220x2440x-azul-fino-arauco,07-009-02,MDF Chapa Tzalam 18mm Azul Fino 1.22×2.44m Arauco,madera,0,0,hoja,0,,,,,,,,,,,
inv-mdf-fresno-invierno-mel-proteak-2-c-5-5x1-22x2-44-delg,07-046-03,MDF Fresno Invierno Mel Proteak 2c 5.5×1.22×2.44m Delg,madera,0,0,hoja,595.92,,,,,,,,,,,
inv-mdf-gris-claro-mate-arauco-15mmx1220x2440,07-009-03,MDF Gris Claro Mate 15mm 1.22×2.44m Arauco,madera,0,0,hoja,0,,,,,,,,,,,
inv-mdf-gris-lava-15mm,07-000-20,MDF Gris Lava 15mm,madera,0,0,hoja,0,,,,,,,,,,,
inv-mdf-lino-antologia-mel-proteak-2-c-15x1-22x2-44,07-046-04,MDF Lino Antologia Mel Proteak 2c 15×1.22×2.44m,madera,0,0,hoja,780.17,,,,,,,,,,,
inv-mdf-lino-boga-mel-proteak-2-c-15x1-22x2-44,07-046-05,MDF Lino Boga Mel Proteak 2c 15×1.22×2.44m,madera,0,0,hoja,780.17,,,,,,,,,,,
inv-mdf-macuil-mel-lobus-2-c-15x1-22x2-44,07-002-03,MDF Macuil Mel Lobus 2c 15×1.22×2.44m,madera,0,0,hoja,599.14,,,,,,,,,,,
inv-mdf-malta-15mmx1220x2440-arauco,07-009-04,MDF Malta 15mm 1.22×2.44m Arauco,madera,0,0,hoja,0,,,,,,,,,,,
inv-mdf-melaminado-maple-2-c-18mm,07-000-21,MDF Melaminado Maple 2c 18mm,madera,0,0,hoja,956.98,,,,,,,,,,,
inv-mdf-natural-3mm,07-000-22,MDF Natural 3mm,madera,0,0,hoja,0,,,,,,,,,,,
inv-mdf-natural-proteak-12mm,07-046-06,MDF Natural Proteak 12mm,madera,0,0,hoja,0,,,,,,,,,,,
inv-mdf-natural-proteak-15mm,07-046-07,MDF Natural Proteak 15mm,madera,0,0,hoja,378.44,,,,,,,,,,,
inv-mdf-natural-proteak-18mm,07-046-08,MDF Natural Proteak 18mm,madera,0,0,hoja,0,,,,,,,,,,,
inv-mdf-natural-proteak-5-5mm,07-046-09,MDF Natural Proteak 5.5mm,madera,0,0,hoja,0,,,,,,,,,,,
inv-mdf-natural-proteak-9mm,07-046-10,MDF Natural Proteak 9mm,madera,0,0,hoja,0,,,,,,,,,,,
inv-mdf-negro-mate-arauco-15mm-x-1220-x-2440,07-009-05,MDF Negro Mate 15mm 1.22×2.44m Arauco,madera,0,0,hoja,0,,,,,,,,,,,
inv-mdf-nogal-abismo-mel-proteak-2-c-15x1-22x2-44,07-046-11,MDF Nogal Abismo Mel Proteak 2c 15×1.22×2.44m,madera,0,0,hoja,0,,,,,,,,,,,
inv-mdf-oxford-mate-arauco-15mmx1220x2440,07-009-06,MDF Oxford Mate 15mm 1.22×2.44m Arauco,madera,0,0,hoja,0,,,,,,,,,,,
inv-mdf-rehau-rauvsio-super-mate-after-dark-2800x1300x19mm,07-000-23,MDF Rehau Super Mate After Dark 19mm 1.30×2.80m,madera,0,0,hoja,0,,,,,,,,,,,
inv-triplay-birch-lobus-reforzado-15x1-22x2-44,07-002-04,Triplay Birch Lobus Reforzado 15×1.22×2.44m,madera,0,0,hoja,0,,,,,,,,,,,
inv-triplay-birch-lobus-reforzado-18x1-22x2-44,07-002-05,Triplay Birch Lobus Reforzado 18×1.22×2.44m,madera,0,0,hoja,0,,,,,,,,,,,
inv-triplay-de-pino-asiatico-15mm-2c-1-22x2-44mt,07-000-24,Triplay Pino Asiático 15mm 2c 1.22×2.44m,madera,0,0,hoja,0,,,,,,,,,,,
inv-triplay-de-pino-asiatico-18mm-2c-1-22x2-44mt,07-000-25,Triplay Pino Asiático 18mm 2c 1.22×2.44m,madera,0,0,hoja,687.93,,,,,,,,,,,
inv-triplay-de-pino-chileno-15x1-22x2-44,07-000-26,Triplay de Pino Chileno 15×1.22×2.44m,madera,0,0,hoja,602.58,,,,,,,,,,,
inv-triplay-encino-5-2x1-22x2-44-1-c,07-000-27,Triplay Encino 5.2×1.22×2.44m 1c,madera,0,0,hoja,252.6,,,,,,,,,,,
inv-triplay-nogal-5mmx1220x2440,07-000-28,Triplay Nogal 5mm 1.22×2.44m,madera,0,0,hoja,317.24,,,,,,,,,,,
inv-triplay-para-cimbra-c-c-pulida-15x1-22x2-44,07-000-29,Triplay para Cimbra C+c Pulida 15×1.22×2.44m,madera,0,0,hoja,487.07,,,,,,,,,,,
